Keyspace_Name,columnfamily_name,bloom_filter_fp_chance,caching,cf_id,comment,compaction_strategy_class,compaction_strategy_options,comparator,compression_parameters,default_time_to_live,default_validator,dropped_columns,gc_grace_seconds,is_dense,key_validator,local_read_repair_chance,max_compaction_threshold,max_index_interval,memtable_flush_period_in_ms,min_compaction_threshold,min_index_interval,read_repair_chance,speculative_retry,subcomparator,type
system_auth,resource_role_permissons_index,0.01,"{""keys"":""ALL"", ""rows_per_partition"":""NONE""}",5f2fbdad-91f1-3946-bd25-d5da3a5c35ec,index of db roles with permissions granted on a resource,org.apache.cassandra.db.compaction.SizeTieredCompactionStrategy,{},"org.apache.cassandra.db.marshal.CompositeType(org.apache.cassandra.db.marshal.UTF8Type,org.apache.cassandra.db.marshal.UTF8Type)","{""sstable_compression"":""org.apache.cassandra.io.compress.LZ4Compressor""}",0,org.apache.cassandra.db.marshal.BytesType,,7776000,False,org.apache.cassandra.db.marshal.UTF8Type,0.0,32,2048,3600000,4,128,0.0,99.0PERCENTILE,,Standard
system_auth,role_members,0.01,"{""keys"":""ALL"", ""rows_per_partition"":""NONE""}",0ecdaa87-f8fb-3e60-88d1-74fb36fe5c0d,role memberships lookup table,org.apache.cassandra.db.compaction.SizeTieredCompactionStrategy,{},"org.apache.cassandra.db.marshal.CompositeType(org.apache.cassandra.db.marshal.UTF8Type,org.apache.cassandra.db.marshal.UTF8Type)","{""sstable_compression"":""org.apache.cassandra.io.compress.LZ4Compressor""}",0,org.apache.cassandra.db.marshal.BytesType,,7776000,False,org.apache.cassandra.db.marshal.UTF8Type,0.0,32,2048,3600000,4,128,0.0,99.0PERCENTILE,,Standard
system_auth,role_permissions,0.01,"{""keys"":""ALL"", ""rows_per_partition"":""NONE""}",3afbe79f-2194-31a7-add7-f5ab90d8ec9c,permissions granted to db roles,org.apache.cassandra.db.compaction.SizeTieredCompactionStrategy,{},"org.apache.cassandra.db.marshal.CompositeType(org.apache.cassandra.db.marshal.UTF8Type,org.apache.cassandra.db.marshal.UTF8Type,org.apache.cassandra.db.marshal.ColumnToCollectionType(7065726d697373696f6e73:org.apache.cassandra.db.marshal.SetType(org.apache.cassandra.db.marshal.UTF8Type)))","{""sstable_compression"":""org.apache.cassandra.io.compress.LZ4Compressor""}",0,org.apache.cassandra.db.marshal.BytesType,,7776000,False,org.apache.cassandra.db.marshal.UTF8Type,0.0,32,2048,3600000,4,128,0.0,99.0PERCENTILE,,Standard
system_auth,roles,0.01,"{""keys"":""ALL"", ""rows_per_partition"":""NONE""}",5bc52802-de25-35ed-aeab-188eecebb090,role definitions,org.apache.cassandra.db.compaction.SizeTieredCompactionStrategy,{},"org.apache.cassandra.db.marshal.CompositeType(org.apache.cassandra.db.marshal.UTF8Type,org.apache.cassandra.db.marshal.ColumnToCollectionType(6d656d6265725f6f66:org.apache.cassandra.db.marshal.SetType(org.apache.cassandra.db.marshal.UTF8Type)))","{""sstable_compression"":""org.apache.cassandra.io.compress.LZ4Compressor""}",0,org.apache.cassandra.db.marshal.BytesType,,7776000,False,org.apache.cassandra.db.marshal.UTF8Type,0.0,32,2048,3600000,4,128,0.0,99.0PERCENTILE,,Standard
stockmarket,datasource,0.01,"{""keys"":""ALL"", ""rows_per_partition"":""NONE""}",9eb41070-d7b6-11e7-a97a-5df6878cb053,,org.apache.cassandra.db.compaction.SizeTieredCompactionStrategy,{},org.apache.cassandra.db.marshal.CompositeType(org.apache.cassandra.db.marshal.UTF8Type),"{""sstable_compression"":""org.apache.cassandra.io.compress.LZ4Compressor""}",0,org.apache.cassandra.db.marshal.BytesType,,864000,False,org.apache.cassandra.db.marshal.UTF8Type,0.1,32,2048,0,4,128,0.0,99.0PERCENTILE,,Standard
OpsCenter,backup_reports,0.01,"{""keys"":""ALL"", ""rows_per_partition"":""NONE""}",c06d1b70-d79e-11e7-a97a-5df6878cb053,"{""info"": ""OpsCenter management data."", ""version"": [5, 2, 1]}",org.apache.cassandra.db.compaction.SizeTieredCompactionStrategy,{},"org.apache.cassandra.db.marshal.CompositeType(org.apache.cassandra.db.marshal.ReversedType(org.apache.cassandra.db.marshal.TimestampType),org.apache.cassandra.db.marshal.UTF8Type,org.apache.cassandra.db.marshal.UTF8Type,org.apache.cassandra.db.marshal.UTF8Type,org.apache.cassandra.db.marshal.UTF8Type)","{""sstable_compression"":""org.apache.cassandra.io.compress.LZ4Compressor""}",0,org.apache.cassandra.db.marshal.BytesType,,864000,False,org.apache.cassandra.db.marshal.UTF8Type,0.1,32,2048,0,4,128,0.0,99.0PERCENTILE,,Standard
OpsCenter,bestpractice_results,0.01,"{""keys"":""ALL"", ""rows_per_partition"":""NONE""}",c03e9160-d79e-11e7-a97a-5df6878cb053,"{""info"": ""OpsCenter management data."", ""version"": [5, 2, 1]}",org.apache.cassandra.db.compaction.SizeTieredCompactionStrategy,"{""min_threshold"":""4"",""max_threshold"":""32""}",org.apache.cassandra.db.marshal.ReversedType(org.apache.cassandra.db.marshal.IntegerType),"{""sstable_compression"":""org.apache.cassandra.io.compress.LZ4Compressor""}",0,org.apache.cassandra.db.marshal.BytesType,,0,True,org.apache.cassandra.db.marshal.UTF8Type,0.1,32,2048,0,4,128,0.25,99.0PERCENTILE,,Standard
OpsCenter,events,0.01,"{""keys"":""ALL"", ""rows_per_partition"":""NONE""}",c0936820-d79e-11e7-a97a-5df6878cb053,"{""info"": ""OpsCenter management data."", ""version"": [5, 2, 1]}",org.apache.cassandra.db.compaction.SizeTieredCompactionStrategy,"{""min_threshold"":""8"",""max_threshold"":""12""}",org.apache.cassandra.db.marshal.UTF8Type,"{""sstable_compression"":""org.apache.cassandra.io.compress.LZ4Compressor""}",0,org.apache.cassandra.db.marshal.BytesType,,864000,False,org.apache.cassandra.db.marshal.UTF8Type,0.1,12,2048,0,8,128,0.25,99.0PERCENTILE,,Standard
OpsCenter,events_timeline,0.01,"{""keys"":""ALL"", ""rows_per_partition"":""NONE""}",c0cb6810-d79e-11e7-a97a-5df6878cb053,"{""info"": ""OpsCenter management data."", ""version"": [5, 2, 1]}",org.apache.cassandra.db.compaction.SizeTieredCompactionStrategy,"{""min_threshold"":""4"",""max_threshold"":""8""}",org.apache.cassandra.db.marshal.LongType,"{""sstable_compression"":""org.apache.cassandra.io.compress.LZ4Compressor""}",0,org.apache.cassandra.db.marshal.BytesType,,864000,True,org.apache.cassandra.db.marshal.UTF8Type,0.1,8,2048,0,4,128,0.25,99.0PERCENTILE,,Standard
OpsCenter,pdps,0.01,"{""keys"":""ALL"", ""rows_per_partition"":""NONE""}",c0fa1930-d79e-11e7-a97a-5df6878cb053,"{""info"": ""OpsCenter management data."", ""version"": [5, 2, 1]}",org.apache.cassandra.db.compaction.SizeTieredCompactionStrategy,"{""min_threshold"":""4"",""max_threshold"":""32""}",org.apache.cassandra.db.marshal.UTF8Type,"{""sstable_compression"":""org.apache.cassandra.io.compress.LZ4Compressor""}",0,org.apache.cassandra.db.marshal.BytesType,,0,True,org.apache.cassandra.db.marshal.UTF8Type,0.1,32,2048,0,4,128,0.25,99.0PERCENTILE,,Standard
OpsCenter,rollups300,0.01,"{""keys"":""ALL"", ""rows_per_partition"":""NONE""}",c14fb340-d79e-11e7-a97a-5df6878cb053,"{""info"": ""OpsCenter management data."", ""version"": [5, 2, 1]}",org.apache.cassandra.db.compaction.SizeTieredCompactionStrategy,"{""min_threshold"":""4"",""max_threshold"":""16""}",org.apache.cassandra.db.marshal.IntegerType,"{""sstable_compression"":""org.apache.cassandra.io.compress.LZ4Compressor""}",0,org.apache.cassandra.db.marshal.BytesType,,0,True,org.apache.cassandra.db.marshal.UTF8Type,0.1,16,2048,0,4,128,0.25,99.0PERCENTILE,,Standard
OpsCenter,rollups60,0.01,"{""keys"":""ALL"", ""rows_per_partition"":""NONE""}",c1210220-d79e-11e7-a97a-5df6878cb053,"{""info"": ""OpsCenter management data."", ""version"": [5, 2, 1]}",org.apache.cassandra.db.compaction.SizeTieredCompactionStrategy,"{""min_threshold"":""4"",""max_threshold"":""32""}",org.apache.cassandra.db.marshal.IntegerType,"{""sstable_compression"":""org.apache.cassandra.io.compress.LZ4Compressor""}",0,org.apache.cassandra.db.marshal.BytesType,,0,True,org.apache.cassandra.db.marshal.UTF8Type,0.1,32,2048,0,4,128,0.25,99.0PERCENTILE,,Standard
OpsCenter,rollups7200,0.01,"{""keys"":""ALL"", ""rows_per_partition"":""NONE""}",c17e6460-d79e-11e7-a97a-5df6878cb053,"{""info"": ""OpsCenter management data."", ""version"": [5, 2, 1]}",org.apache.cassandra.db.compaction.SizeTieredCompactionStrategy,"{""min_threshold"":""2"",""max_threshold"":""8""}",org.apache.cassandra.db.marshal.IntegerType,"{""sstable_compression"":""org.apache.cassandra.io.compress.LZ4Compressor""}",0,org.apache.cassandra.db.marshal.BytesType,,0,True,org.apache.cassandra.db.marshal.UTF8Type,0.1,8,2048,0,2,128,0.25,99.0PERCENTILE,,Standard
OpsCenter,rollups86400,0.01,"{""keys"":""ALL"", ""rows_per_partition"":""NONE""}",c1ad1580-d79e-11e7-a97a-5df6878cb053,"{""info"": ""OpsCenter management data."", ""version"": [5, 2, 1]}",org.apache.cassandra.db.compaction.SizeTieredCompactionStrategy,"{""min_threshold"":""2"",""max_threshold"":""8""}",org.apache.cassandra.db.marshal.IntegerType,"{""sstable_compression"":""org.apache.cassandra.io.compress.LZ4Compressor""}",0,org.apache.cassandra.db.marshal.BytesType,,0,True,org.apache.cassandra.db.marshal.UTF8Type,0.1,8,2048,0,2,128,0.25,99.0PERCENTILE,,Standard
OpsCenter,settings,0.01,"{""keys"":""ALL"", ""rows_per_partition"":""NONE""}",c1dbedb0-d79e-11e7-a97a-5df6878cb053,"{""info"": ""OpsCenter management data."", ""version"": [5, 2, 1]}",org.apache.cassandra.db.compaction.SizeTieredCompactionStrategy,"{""min_threshold"":""8"",""max_threshold"":""12""}",org.apache.cassandra.db.marshal.BytesType,"{""sstable_compression"":""org.apache.cassandra.io.compress.LZ4Compressor""}",0,org.apache.cassandra.db.marshal.BytesType,,864000,True,org.apache.cassandra.db.marshal.BytesType,0.1,12,2048,0,8,128,1.0,99.0PERCENTILE,,Standard
system_distributed,parent_repair_history,0.01,"{""keys"":""ALL"", ""rows_per_partition"":""NONE""}",deabd734-b99d-3b9c-92e5-fd92eb5abf14,Repair history,org.apache.cassandra.db.compaction.SizeTieredCompactionStrategy,{},"org.apache.cassandra.db.marshal.CompositeType(org.apache.cassandra.db.marshal.UTF8Type,org.apache.cassandra.db.marshal.ColumnToCollectionType(636f6c756d6e66616d696c795f6e616d6573:org.apache.cassandra.db.marshal.SetType(org.apache.cassandra.db.marshal.UTF8Type),7265717565737465645f72616e676573:org.apache.cassandra.db.marshal.SetType(org.apache.cassandra.db.marshal.UTF8Type),7375636365737366756c5f72616e676573:org.apache.cassandra.db.marshal.SetType(org.apache.cassandra.db.marshal.UTF8Type)))","{""sstable_compression"":""org.apache.cassandra.io.compress.LZ4Compressor""}",0,org.apache.cassandra.db.marshal.BytesType,,0,False,org.apache.cassandra.db.marshal.TimeUUIDType,0.0,32,2048,3600000,4,128,0.0,99.0PERCENTILE,,Standard
system_distributed,repair_history,0.01,"{""keys"":""ALL"", ""rows_per_partition"":""NONE""}",759fffad-624b-3181-80ee-fa9a52d1f627,Repair history,org.apache.cassandra.db.compaction.SizeTieredCompactionStrategy,{},"org.apache.cassandra.db.marshal.CompositeType(org.apache.cassandra.db.marshal.TimeUUIDType,org.apache.cassandra.db.marshal.UTF8Type,org.apache.cassandra.db.marshal.ColumnToCollectionType(7061727469636970616e7473:org.apache.cassandra.db.marshal.SetType(org.apache.cassandra.db.marshal.InetAddressType)))","{""sstable_compression"":""org.apache.cassandra.io.compress.LZ4Compressor""}",0,org.apache.cassandra.db.marshal.BytesType,,0,False,"org.apache.cassandra.db.marshal.CompositeType(org.apache.cassandra.db.marshal.UTF8Type,org.apache.cassandra.db.marshal.UTF8Type)",0.0,32,2048,3600000,4,128,0.0,99.0PERCENTILE,,Standard
system,IndexInfo,0.01,"{""keys"":""ALL"", ""rows_per_partition"":""NONE""}",9f5c6374-d485-3229-9a0a-5094af9ad1e3,built column indexes,org.apache.cassandra.db.compaction.SizeTieredCompactionStrategy,{},org.apache.cassandra.db.marshal.UTF8Type,"{""sstable_compression"":""org.apache.cassandra.io.compress.LZ4Compressor""}",0,org.apache.cassandra.db.marshal.BytesType,,0,True,org.apache.cassandra.db.marshal.UTF8Type,0.0,32,2048,3600000,4,128,0.0,99.0PERCENTILE,,Standard
system,available_ranges,0.01,"{""keys"":""ALL"", ""rows_per_partition"":""NONE""}",c539fcab-d65a-31d1-8133-d25605643ee3,Available keyspace/ranges during bootstrap/replace that are ready to be served,org.apache.cassandra.db.compaction.SizeTieredCompactionStrategy,{},"org.apache.cassandra.db.marshal.CompositeType(org.apache.cassandra.db.marshal.UTF8Type,org.apache.cassandra.db.marshal.ColumnToCollectionType(72616e676573:org.apache.cassandra.db.marshal.SetType(org.apache.cassandra.db.marshal.BytesType)))","{""sstable_compression"":""org.apache.cassandra.io.compress.LZ4Compressor""}",0,org.apache.cassandra.db.marshal.BytesType,,0,False,org.apache.cassandra.db.marshal.UTF8Type,0.0,32,2048,3600000,4,128,0.0,99.0PERCENTILE,,Standard
system,batchlog,0.01,"{""keys"":""ALL"", ""rows_per_partition"":""NONE""}",0290003c-977e-397c-ac3e-fdfdc01d626b,batches awaiting replay,org.apache.cassandra.db.compaction.SizeTieredCompactionStrategy,"{""min_threshold"":""2""}",org.apache.cassandra.db.marshal.CompositeType(org.apache.cassandra.db.marshal.UTF8Type),"{""sstable_compression"":""org.apache.cassandra.io.compress.LZ4Compressor""}",0,org.apache.cassandra.db.marshal.BytesType,,0,False,org.apache.cassandra.db.marshal.UUIDType,0.0,32,2048,3600000,4,128,0.0,99.0PERCENTILE,,Standard
system,compaction_history,0.01,"{""keys"":""ALL"", ""rows_per_partition"":""NONE""}",b4dbb7b4-dc49-3fb5-b3bf-ce6e434832ca,week-long compaction history,org.apache.cassandra.db.compaction.SizeTieredCompactionStrategy,{},"org.apache.cassandra.db.marshal.CompositeType(org.apache.cassandra.db.marshal.UTF8Type,org.apache.cassandra.db.marshal.ColumnToCollectionType(726f77735f6d6572676564:org.apache.cassandra.db.marshal.MapType(org.apache.cassandra.db.marshal.Int32Type,org.apache.cassandra.db.marshal.LongType)))","{""sstable_compression"":""org.apache.cassandra.io.compress.LZ4Compressor""}",604800,org.apache.cassandra.db.marshal.BytesType,,0,False,org.apache.cassandra.db.marshal.UUIDType,0.0,32,2048,3600000,4,128,0.0,99.0PERCENTILE,,Standard
system,compactions_in_progress,0.01,"{""keys"":""ALL"", ""rows_per_partition"":""NONE""}",55080ab0-5d9c-3886-90a4-acb25fe1f77b,unfinished compactions,org.apache.cassandra.db.compaction.SizeTieredCompactionStrategy,{},"org.apache.cassandra.db.marshal.CompositeType(org.apache.cassandra.db.marshal.UTF8Type,org.apache.cassandra.db.marshal.ColumnToCollectionType(696e70757473:org.apache.cassandra.db.marshal.SetType(org.apache.cassandra.db.marshal.Int32Type)))","{""sstable_compression"":""org.apache.cassandra.io.compress.LZ4Compressor""}",0,org.apache.cassandra.db.marshal.BytesType,,0,False,org.apache.cassandra.db.marshal.UUIDType,0.0,32,2048,3600000,4,128,0.0,99.0PERCENTILE,,Standard
system,hints,0.01,"{""keys"":""ALL"", ""rows_per_partition"":""NONE""}",2666e205-73ef-38b3-90fe-fecf96e8f0c7,hints awaiting delivery,org.apache.cassandra.db.compaction.SizeTieredCompactionStrategy,"{""enabled"":""false""}","org.apache.cassandra.db.marshal.CompositeType(org.apache.cassandra.db.marshal.TimeUUIDType,org.apache.cassandra.db.marshal.Int32Type)","{""sstable_compression"":""org.apache.cassandra.io.compress.LZ4Compressor""}",0,org.apache.cassandra.db.marshal.BytesType,,0,True,org.apache.cassandra.db.marshal.UUIDType,0.0,32,2048,3600000,4,128,0.0,99.0PERCENTILE,,Standard
system,local,0.01,"{""keys"":""ALL"", ""rows_per_partition"":""NONE""}",7ad54392-bcdd-35a6-8417-4e047860b377,information about the local node,org.apache.cassandra.db.compaction.SizeTieredCompactionStrategy,{},"org.apache.cassandra.db.marshal.CompositeType(org.apache.cassandra.db.marshal.UTF8Type,org.apache.cassandra.db.marshal.ColumnToCollectionType(7472756e63617465645f6174:org.apache.cassandra.db.marshal.MapType(org.apache.cassandra.db.marshal.UUIDType,org.apache.cassandra.db.marshal.BytesType),746f6b656e73:org.apache.cassandra.db.marshal.SetType(org.apache.cassandra.db.marshal.UTF8Type)))","{""sstable_compression"":""org.apache.cassandra.io.compress.LZ4Compressor""}",0,org.apache.cassandra.db.marshal.BytesType,,0,False,org.apache.cassandra.db.marshal.UTF8Type,0.0,32,2048,3600000,4,128,0.0,99.0PERCENTILE,,Standard
system,paxos,0.01,"{""keys"":""ALL"", ""rows_per_partition"":""NONE""}",b7b7f0c2-fd0a-3410-8c05-3ef614bb7c2d,in-progress paxos proposals,org.apache.cassandra.db.compaction.LeveledCompactionStrategy,{},"org.apache.cassandra.db.marshal.CompositeType(org.apache.cassandra.db.marshal.UUIDType,org.apache.cassandra.db.marshal.UTF8Type)","{""sstable_compression"":""org.apache.cassandra.io.compress.LZ4Compressor""}",0,org.apache.cassandra.db.marshal.BytesType,,0,False,org.apache.cassandra.db.marshal.BytesType,0.0,32,2048,3600000,4,128,0.0,99.0PERCENTILE,,Standard
system,peer_events,0.01,"{""keys"":""ALL"", ""rows_per_partition"":""NONE""}",59dfeaea-8db2-3341-91ef-109974d81484,events related to peers,org.apache.cassandra.db.compaction.SizeTieredCompactionStrategy,{},"org.apache.cassandra.db.marshal.CompositeType(org.apache.cassandra.db.marshal.UTF8Type,org.apache.cassandra.db.marshal.ColumnToCollectionType(68696e74735f64726f70706564:org.apache.cassandra.db.marshal.MapType(org.apache.cassandra.db.marshal.UUIDType,org.apache.cassandra.db.marshal.Int32Type)))","{""sstable_compression"":""org.apache.cassandra.io.compress.LZ4Compressor""}",0,org.apache.cassandra.db.marshal.BytesType,,0,False,org.apache.cassandra.db.marshal.InetAddressType,0.0,32,2048,3600000,4,128,0.0,99.0PERCENTILE,,Standard
system,peers,0.01,"{""keys"":""ALL"", ""rows_per_partition"":""NONE""}",37f71aca-7dc2-383b-a706-72528af04d4f,information about known peers in the cluster,org.apache.cassandra.db.compaction.SizeTieredCompactionStrategy,{},"org.apache.cassandra.db.marshal.CompositeType(org.apache.cassandra.db.marshal.UTF8Type,org.apache.cassandra.db.marshal.ColumnToCollectionType(746f6b656e73:org.apache.cassandra.db.marshal.SetType(org.apache.cassandra.db.marshal.UTF8Type)))","{""sstable_compression"":""org.apache.cassandra.io.compress.LZ4Compressor""}",0,org.apache.cassandra.db.marshal.BytesType,,0,False,org.apache.cassandra.db.marshal.InetAddressType,0.0,32,2048,3600000,4,128,0.0,99.0PERCENTILE,,Standard
system,range_xfers,0.01,"{""keys"":""ALL"", ""rows_per_partition"":""NONE""}",55d76438-4e55-3f8b-9f6e-676d4af3976d,ranges requested for transfer,org.apache.cassandra.db.compaction.SizeTieredCompactionStrategy,{},org.apache.cassandra.db.marshal.CompositeType(org.apache.cassandra.db.marshal.UTF8Type),"{""sstable_compression"":""org.apache.cassandra.io.compress.LZ4Compressor""}",0,org.apache.cassandra.db.marshal.BytesType,,0,False,org.apache.cassandra.db.marshal.BytesType,0.0,32,2048,3600000,4,128,0.0,99.0PERCENTILE,,Standard
system,schema_aggregates,0.01,"{""keys"":""ALL"", ""rows_per_partition"":""NONE""}",a5fc57fc-9d6c-3bfd-a3fc-01ad54686fea,user defined aggregate definitions,org.apache.cassandra.db.compaction.SizeTieredCompactionStrategy,{},"org.apache.cassandra.db.marshal.CompositeType(org.apache.cassandra.db.marshal.UTF8Type,org.apache.cassandra.db.marshal.FrozenType(org.apache.cassandra.db.marshal.ListType(org.apache.cassandra.db.marshal.UTF8Type)),org.apache.cassandra.db.marshal.UTF8Type,org.apache.cassandra.db.marshal.ColumnToCollectionType(617267756d656e745f7479706573:org.apache.cassandra.db.marshal.ListType(org.apache.cassandra.db.marshal.UTF8Type)))","{""sstable_compression"":""org.apache.cassandra.io.compress.LZ4Compressor""}",0,org.apache.cassandra.db.marshal.BytesType,,604800,False,org.apache.cassandra.db.marshal.UTF8Type,0.0,32,2048,3600000,4,128,0.0,99.0PERCENTILE,,Standard
system,schema_columnfamilies,0.01,"{""keys"":""ALL"", ""rows_per_partition"":""NONE""}",45f5b360-24bc-3f83-a363-1034ea4fa697,table definitions,org.apache.cassandra.db.compaction.SizeTieredCompactionStrategy,{},"org.apache.cassandra.db.marshal.CompositeType(org.apache.cassandra.db.marshal.UTF8Type,org.apache.cassandra.db.marshal.UTF8Type,org.apache.cassandra.db.marshal.ColumnToCollectionType(64726f707065645f636f6c756d6e73:org.apache.cassandra.db.marshal.MapType(org.apache.cassandra.db.marshal.UTF8Type,org.apache.cassandra.db.marshal.LongType)))","{""sstable_compression"":""org.apache.cassandra.io.compress.LZ4Compressor""}",0,org.apache.cassandra.db.marshal.BytesType,,604800,False,org.apache.cassandra.db.marshal.UTF8Type,0.0,32,2048,3600000,4,128,0.0,99.0PERCENTILE,,Standard
system,schema_columns,0.01,"{""keys"":""ALL"", ""rows_per_partition"":""NONE""}",296e9c04-9bec-3085-827d-c17d3df2122a,column definitions,org.apache.cassandra.db.compaction.SizeTieredCompactionStrategy,{},"org.apache.cassandra.db.marshal.CompositeType(org.apache.cassandra.db.marshal.UTF8Type,org.apache.cassandra.db.marshal.UTF8Type,org.apache.cassandra.db.marshal.UTF8Type)","{""sstable_compression"":""org.apache.cassandra.io.compress.LZ4Compressor""}",0,org.apache.cassandra.db.marshal.BytesType,,604800,False,org.apache.cassandra.db.marshal.UTF8Type,0.0,32,2048,3600000,4,128,0.0,99.0PERCENTILE,,Standard
system,schema_functions,0.01,"{""keys"":""ALL"", ""rows_per_partition"":""NONE""}",d1b675fe-2b50-3ca4-8e49-c0f81989dcad,user defined function definitions,org.apache.cassandra.db.compaction.SizeTieredCompactionStrategy,{},"org.apache.cassandra.db.marshal.CompositeType(org.apache.cassandra.db.marshal.UTF8Type,org.apache.cassandra.db.marshal.FrozenType(org.apache.cassandra.db.marshal.ListType(org.apache.cassandra.db.marshal.UTF8Type)),org.apache.cassandra.db.marshal.UTF8Type,org.apache.cassandra.db.marshal.ColumnToCollectionType(617267756d656e745f6e616d6573:org.apache.cassandra.db.marshal.ListType(org.apache.cassandra.db.marshal.UTF8Type),617267756d656e745f7479706573:org.apache.cassandra.db.marshal.ListType(org.apache.cassandra.db.marshal.UTF8Type)))","{""sstable_compression"":""org.apache.cassandra.io.compress.LZ4Compressor""}",0,org.apache.cassandra.db.marshal.BytesType,,604800,False,org.apache.cassandra.db.marshal.UTF8Type,0.0,32,2048,3600000,4,128,0.0,99.0PERCENTILE,,Standard
system,schema_keyspaces,0.01,"{""keys"":""ALL"", ""rows_per_partition"":""NONE""}",b0f22357-4458-3cdb-9631-c43e59ce3676,keyspace definitions,org.apache.cassandra.db.compaction.SizeTieredCompactionStrategy,{},org.apache.cassandra.db.marshal.UTF8Type,"{""sstable_compression"":""org.apache.cassandra.io.compress.LZ4Compressor""}",0,org.apache.cassandra.db.marshal.BytesType,,604800,False,org.apache.cassandra.db.marshal.UTF8Type,0.0,32,2048,3600000,4,128,0.0,99.0PERCENTILE,,Standard
system,schema_triggers,0.01,"{""keys"":""ALL"", ""rows_per_partition"":""NONE""}",0359bc71-7123-3ee1-9a4a-b9dfb11fc125,trigger definitions,org.apache.cassandra.db.compaction.SizeTieredCompactionStrategy,{},"org.apache.cassandra.db.marshal.CompositeType(org.apache.cassandra.db.marshal.UTF8Type,org.apache.cassandra.db.marshal.UTF8Type,org.apache.cassandra.db.marshal.UTF8Type,org.apache.cassandra.db.marshal.ColumnToCollectionType(747269676765725f6f7074696f6e73:org.apache.cassandra.db.marshal.MapType(org.apache.cassandra.db.marshal.UTF8Type,org.apache.cassandra.db.marshal.UTF8Type)))","{""sstable_compression"":""org.apache.cassandra.io.compress.LZ4Compressor""}",0,org.apache.cassandra.db.marshal.BytesType,,604800,False,org.apache.cassandra.db.marshal.UTF8Type,0.0,32,2048,3600000,4,128,0.0,99.0PERCENTILE,,Standard
system,schema_usertypes,0.01,"{""keys"":""ALL"", ""rows_per_partition"":""NONE""}",3aa75225-4f82-350b-8d5c-430fa221fa0a,user defined type definitions,org.apache.cassandra.db.compaction.SizeTieredCompactionStrategy,{},"org.apache.cassandra.db.marshal.CompositeType(org.apache.cassandra.db.marshal.UTF8Type,org.apache.cassandra.db.marshal.UTF8Type,org.apache.cassandra.db.marshal.ColumnToCollectionType(6669656c645f6e616d6573:org.apache.cassandra.db.marshal.ListType(org.apache.cassandra.db.marshal.UTF8Type),6669656c645f7479706573:org.apache.cassandra.db.marshal.ListType(org.apache.cassandra.db.marshal.UTF8Type)))","{""sstable_compression"":""org.apache.cassandra.io.compress.LZ4Compressor""}",0,org.apache.cassandra.db.marshal.BytesType,,604800,False,org.apache.cassandra.db.marshal.UTF8Type,0.0,32,2048,3600000,4,128,0.0,99.0PERCENTILE,,Standard
system,size_estimates,0.01,"{""keys"":""ALL"", ""rows_per_partition"":""NONE""}",618f817b-005f-3678-b8a4-53f3930b8e86,per-table primary range size estimates,org.apache.cassandra.db.compaction.SizeTieredCompactionStrategy,{},"org.apache.cassandra.db.marshal.CompositeType(org.apache.cassandra.db.marshal.UTF8Type,org.apache.cassandra.db.marshal.UTF8Type,org.apache.cassandra.db.marshal.UTF8Type,org.apache.cassandra.db.marshal.UTF8Type)","{""sstable_compression"":""org.apache.cassandra.io.compress.LZ4Compressor""}",0,org.apache.cassandra.db.marshal.BytesType,,0,False,org.apache.cassandra.db.marshal.UTF8Type,0.0,32,2048,3600000,4,128,0.0,99.0PERCENTILE,,Standard
system,sstable_activity,0.01,"{""keys"":""ALL"", ""rows_per_partition"":""NONE""}",5a1ff267-ace0-3f12-8563-cfae6103c65e,historic sstable read rates,org.apache.cassandra.db.compaction.SizeTieredCompactionStrategy,{},org.apache.cassandra.db.marshal.CompositeType(org.apache.cassandra.db.marshal.UTF8Type),"{""sstable_compression"":""org.apache.cassandra.io.compress.LZ4Compressor""}",0,org.apache.cassandra.db.marshal.BytesType,,0,False,"org.apache.cassandra.db.marshal.CompositeType(org.apache.cassandra.db.marshal.UTF8Type,org.apache.cassandra.db.marshal.UTF8Type,org.apache.cassandra.db.marshal.Int32Type)",0.0,32,2048,3600000,4,128,0.0,99.0PERCENTILE,,Standard
system_traces,events,0.01,"{""keys"":""ALL"", ""rows_per_partition"":""NONE""}",8826e8e9-e16a-3728-8753-3bc1fc713c25,tracing events,org.apache.cassandra.db.compaction.SizeTieredCompactionStrategy,{},"org.apache.cassandra.db.marshal.CompositeType(org.apache.cassandra.db.marshal.TimeUUIDType,org.apache.cassandra.db.marshal.UTF8Type)","{""sstable_compression"":""org.apache.cassandra.io.compress.LZ4Compressor""}",0,org.apache.cassandra.db.marshal.BytesType,,0,False,org.apache.cassandra.db.marshal.UUIDType,0.0,32,2048,3600000,4,128,0.0,99.0PERCENTILE,,Standard
system_traces,sessions,0.01,"{""keys"":""ALL"", ""rows_per_partition"":""NONE""}",c5e99f16-8677-3914-b17e-960613512345,tracing sessions,org.apache.cassandra.db.compaction.SizeTieredCompactionStrategy,{},"org.apache.cassandra.db.marshal.CompositeType(org.apache.cassandra.db.marshal.UTF8Type,org.apache.cassandra.db.marshal.ColumnToCollectionType(706172616d6574657273:org.apache.cassandra.db.marshal.MapType(org.apache.cassandra.db.marshal.UTF8Type,org.apache.cassandra.db.marshal.UTF8Type)))","{""sstable_compression"":""org.apache.cassandra.io.compress.LZ4Compressor""}",0,org.apache.cassandra.db.marshal.BytesType,,0,False,org.apache.cassandra.db.marshal.UUIDType,0.0,32,2048,3600000,4,128,0.0,99.0PERCENTILE,,Standard
